,,,,,,,?/L,?/L,?/L,,,,?/L,?/L,?/L,,,,,mg/L,mg/L,mg/L,mg/L,mg/L,,,mg,mg/L,mg/L,mg/L,mg/L,mg/L,mg/L,mg/L,mg/L,mg/L,mg/L,,,,,,,NIET validated,,,,,,,,,,,,,,,,,,,,
Exp_day,Datum,Cosm,Treatment,Secchi diepte,Bodemzicht,Turbiditeit,Cos.chla.bl.PAM,Cos.chla.gr.PAM,Cos.chla.br.PAM,Cos.yield.bl.PAM,Cos.yield.gr.PAM,Cos.yield.br.PAM,Cos.chla.bl.50CM,Cos.chla.gr.50CM,Cos.chla.br.50CM,Cos.yield.bl.50CM,Cos.yield.gr.50CM,Cos.yield.br.50CM,mL gefiltreerd voor?part-NUT,disTON,disNH4,disPO4,disNO2,disNO3 mg/l,partC,partN,partP (mg),partP mg/L,TP,Al ppm,Ca ppm,Fe ppm,La ppm,Mg ppm,Mn ppm,P ppm,S ppm,As ppm,Cd ppm,Cu ppm,Pb ppm,Zn ppm,As microgram/L,As ug/L,Temp,Dep100,DepthX,DepthY,SpCond,SpCond.1,Res,Sal,TDS,DO%,DO,BP,pH,ORP,PAR,refPAR,light_k,light_perc_bottom,light_4perc,Fit
0,25/06/2019,control,outside cosm,65,FALSE,NA,0,9.24,27.72,0,0.82,0.63,2.57,6.33,27.53,0,0.81,NA,60,1.293,0.143,0.003,0,1.293,,,14.325,238.75,238.753,,,,,,,,,,,,,,,,23.78927083,0.8075,0.911,1.15625,0.46875,451.1536458,2,0.23,0.3,78.03046875,6.554973958,757,9.2265625,-837.8125,1403.966146,10.3359375,1.774916063,2.376811383,1.802902158,0
2,27/06/2019,1,Dredged,85,FALSE,NA,42.7,0,27.09,0.74,0,0.7,NA,NA,NA,NA,NA,NA,55,4.437,0.132,0,0.042,4.395,,,3.015,54.81818182,54.818,0,50.788,0.159,0,6.913,0.012,0,18.185,0,0.0001,0.001,0.005,0.03,0,,24.26402899,0.817391304,0.911,1.157826087,0.447826087,450.1507246,2,0.22826087,0.3,129.4598551,10.77715942,757,9.501275362,-820.5971014,1234.36087,8.376811594,1.965669193,2.805889389,1.627944321,0
2,27/06/2019,2,Control,65,FALSE,NA,6.16,0,58.66,0.71,0,0.69,NA,NA,NA,NA,NA,NA,58,4.681,0.129,0,0.053,4.628,,,3.215,55.43103448,55.431,0,46.925,0.097,0,6.468,0.008,0,15.233,0.001,0,0.003,0.006,0.022,1,,24.13894118,0.834117647,0.911672549,1.158529412,0.458823529,450.0137255,2,0.228823529,0.3,112.2543137,9.371960784,757,9.635,-825.9215686,1177.852941,9.358823529,1.812483125,5.102661719,1.765533679,0
2,27/06/2019,3,Oxygenated,63,FALSE,NA,6.03,0,60.2,0.7,0,0.7,NA,NA,NA,NA,NA,NA,55,2.12,0.12,0,0,2.12,,,4.085,74.27272727,74.273,0,44.874,0.056,0,6.109,0.001,0,14.768,0,0,0.003,0.001,0.035,0,,24.29015625,0.63875,0.911,1.141875,0.4,447.96875,2,0.22625,0.3,109.7889423,9.139086538,757,9.683173077,-826.8954327,1566.859375,11.9375,1.822619295,2.631801687,1.755714981,0
2,27/06/2019,4,Oxygenated,58,FALSE,NA,5.65,0,60.51,0,0,0.7,NA,NA,NA,NA,NA,NA,55,3.09,0.128,0,0.019,3.071,,,4.11,74.72727273,74.727,0.034,46.459,0.204,0,6.279,0.018,0,15.232,0,0,0.001,0.009,0.065,0,,24.28864583,0.753125,0.911,1.151875,0.4,447.15625,2,0.223125,0.3,116.6083333,9.7046875,757,9.651458333,-822.3229167,1275.083333,9.572916667,2.270340924,1.895852807,1.409479945,0
2,27/06/2019,5,Ijzerkalkslib,68,FALSE,NA,2.31,2.46,46.04,0.7,0,0.7,NA,NA,NA,NA,NA,NA,54,2.755,0.131,0,0.009,2.746,,,2.31,42.77777778,42.778,0,46.555,0.225,0,6.421,0.027,0,14.972,0,0,0.004,0.003,0.028,0,,24.399,0.848666667,0.91,1.159666667,0.426666667,447.525,2,0.224,0.3,140.7841667,11.69391667,757,9.607666667,-815.9666667,1111.008333,8.358333333,1.863250775,3.992616477,1.717428509,0
2,27/06/2019,6,Phoslock,65,FALSE,NA,4.88,0,56.5,0.71,0,0.68,NA,NA,NA,NA,NA,NA,48,4.115,0.122,0,0.051,4.064,,,3.155,65.72916667,65.729,0,45.951,0.089,0,6.301,0.004,0,15.134,0,0,0.006,0.004,0.026,0,,24.53515306,0.680714286,0.91,1.144285714,0.414285714,445.3214286,2,0.222142857,0.3,152.9728571,12.67385714,757,9.733,-815.0204082,1008.302041,8,2.793383748,3.622948474,1.14556405,0
2,27/06/2019,7,Dredged,90,FALSE,NA,1.8,3.8,39.5,0.82,0,0.71,NA,NA,NA,NA,NA,NA,58,3.214,0.174,0,0.022,3.192,,,3.41,58.79310345,58.793,0,44.172,0.062,0,6.173,0,0,14.63,0,0,0.004,0.002,0.025,0,,24.77862745,0.679411765,0.910117647,1.145588235,0.4,440.5490196,2,0.22,0.3,143.0813725,11.79666667,757,9.704411765,-815.9215686,1561.715686,11.76470588,1.686982553,1.886031219,1.896877946,0
2,27/06/2019,8,Ijzerkalkslib,80,FALSE,NA,5.13,0,56.36,0.68,0,0.69,NA,NA,NA,NA,NA,NA,52,3.856,0.177,0,0.04,3.816,,,3.645,70.09615385,70.096,0,44.765,0.061,0.01,6.246,0,0,14.722,0,0,0.004,0,0.04,0,,24.80965686,0.592352941,0.911,1.138235294,0.410294118,445.25,2,0.221764706,0.3,139.1281863,11.47093137,757,9.746609477,-819.0882353,1674.542484,12.44689542,1.630449326,6.323523933,1.96264916,0
2,27/06/2019,9,Phoslock,70,FALSE,NA,2.05,3.29,43.11,0.8,0,0.7,NA,NA,NA,NA,NA,NA,52,4.31,0.129,0,0.061,4.249,,,2.365,45.48076923,45.481,0,46.854,0.052,0,6.429,0,0,15.055,0,0,0,0.002,0.023,0,,24.86527414,0.728421053,0.911,1.15,0.416154971,446.7719996,2,0.226315789,0.3,146.239789,12.04370096,757,9.761540202,-820.210978,1500.076939,9.955657618,1.622772158,4.172997983,1.971934251,0
2,27/06/2019,10,Ijzerkalkslib,75,FALSE,NA,2.31,5.65,43.11,NA,0,0.69,NA,NA,NA,NA,NA,NA,52,2.586,0.141,0,0.01,2.576,,,3.185,61.25,61.25,0,46.838,0.072,0,6.438,0.002,0,14.838,0.022,0,0.004,0.003,0.027,22,,25.0586875,0.53625,0.911,1.1325,0.40625,444.91875,2,0.2215625,0.3,136.3175,11.1896875,757,9.791125,-821.15,1690.975,12.55625,1.978388824,2.914662317,1.617477799,0
2,27/06/2019,11,Dredged,70,FALSE,NA,5.77,0,56.89,0,0,0.68,NA,NA,NA,NA,NA,NA,49,1.85,0.121,0,0,1.85,,,2.945,60.10204082,60.102,0,47.958,0.091,0,6.606,0.008,0,14.869,0,0,0,0.015,0.038,0,,24.2378,0.8105,0.911,1.1575,0.435,449.175,2,0.2265,0.3,125.0435,10.4162,757,9.58755,-822.93,678.91,5.25,3.36736196,0.513692785,0.950298791,0
2,27/06/2019,12,Oxygenated,58,FALSE,NA,3.21,0,52.58,0,0,0.71,NA,NA,NA,NA,NA,NA,53,4.805,0.131,0,0.079,4.726,,,2.975,56.13207547,56.132,0,46.873,0.07,0,6.371,0,0,14.872,0,0,0.006,0.004,0.041,0,,24.24872549,0.707058824,0.911,1.148529412,0.4,447.7352941,2,0.223529412,0.3,106.3240196,8.856911765,757,9.659607843,-825.872549,1103.632353,8.431372549,2.567101713,1.025664118,1.24654196,0
2,27/06/2019,13,Phoslock,65,FALSE,NA,3.46,0,50.27,0.73,0,0.69,NA,NA,NA,NA,NA,NA,47,3.167,0.122,0,0.023,3.144,,,3.19,67.87234043,67.872,0,47.292,0.117,0.003,6.439,0.008,0,15.115,0,0,0,0.012,0.032,0,,24.44123524,0.6864,0.911,1.1464,0.441266667,449.6126667,2,0.228,0.3,130.8789619,10.8634219,757,9.586439048,-818.7132381,1114.819429,8.058666667,3.009453176,0.947608773,1.063316095,0
2,27/06/2019,14,Control,66,FALSE,NA,4.36,0,54.9,0,0,0.69,NA,NA,NA,NA,NA,NA,52,2.613,0.13,0,0.011,2.602,,,3.2,61.53846154,61.538,0,47.259,0.114,0,6.434,0.013,0,15.014,0,0,0,0.006,0.032,0,,24.75229167,0.535625,0.9108125,1.133125,0.4,446.0494792,2,0.221041667,0.3,139.8716146,11.54338542,757,9.668671875,-815.1744792,1512.867188,11.77604167,2.342990296,1.138862408,1.365776036,0
2,27/06/2019,15,Ijzerkalkslib,67,FALSE,NA,3.98,0,52.97,0,0,0.66,NA,NA,NA,NA,NA,NA,52,3.01,0.135,0,0.027,2.983,,,3.18,61.15384615,61.154,0,43.868,0.119,0,6.398,0.01,0,14.364,0,0,0.004,0,0.03,0,,24.55203968,0.663333333,0.91,1.143333333,0.4,443.2972222,2,0.22,0.3,141.4071825,11.71504365,757,9.655111111,-815.6452381,1265.50754,9.390873016,2.444627868,1.260245851,1.308992686,0
2,27/06/2019,16,Control,75,FALSE,NA,3.85,2.77,48.12,0.7,0,0.68,NA,NA,NA,NA,NA,NA,51,3.468,0.144,0,0.039,3.429,,,3.715,72.84313725,72.843,0,45.353,0.064,0,6.414,0,0,14.496,0,0,0.005,0.006,0.023,0,,24.72027902,0.625,0.91,1.14,0.4,440.03125,2,0.22,0.3,150.4236607,12.42180804,757,9.732198661,-815.1138393,1384.441964,10.07254464,2.108734793,1.480902467,1.517497606,0
2,27/06/2019,17,Dredged,85,FALSE,NA,1.92,3.29,36.72,0.82,0,0.7,NA,NA,NA,NA,NA,NA,51,4.72,0.281,0,0.073,4.647,,,3.255,63.82352941,63.824,0,41.214,0.054,0,6.217,0,0,14.664,0,0.0001,0,0.012,0.027,0,,24.60644841,0.801666667,0.91,1.155833333,0.402777778,439.9166667,2,0.220555556,0.3,149.7160317,12.39177381,757,9.679666667,-815.5369048,1160.249603,9.073412698,2.095740216,0.609617862,1.526906806,0
2,27/06/2019,18,Oxygenated,65,FALSE,NA,4.62,0,60.89,0,0,0.66,NA,NA,NA,NA,NA,NA,49.5,4.093,0.137,0,0.068,4.025,,,3.45,69.6969697,69.697,0,40.339,0.064,0,6.274,0.001,0,14.583,0,0,0.001,0.004,0.024,0,,24.5602381,0.863571429,0.911,1.161428571,0.4,444.6071429,2,0.22,0.3,126.7142857,10.49285714,757,9.806785714,-823.5714286,815.1428571,6.071428571,2.593926201,1.626778054,1.233651134,0
2,27/06/2019,19,Phoslock,70,FALSE,NA,0,3.8,37.03,0,0.85,0.68,NA,NA,NA,NA,NA,NA,50.5,3.654,0.14,0,0.045,3.609,,,2.88,57.02970297,57.03,0.003,45.951,0.066,0,6.421,0,0,14.916,0.004,0,0.003,0.007,0.061,4,,24.96602564,0.718461538,0.911,1.149230769,0.415384615,446.2307692,2,0.223846154,0.3,137.5179487,11.30538462,757,9.786666667,-820.6410256,370.4615385,2.769230769,3.399213515,1.967637312,0.941394233,0
2,27/06/2019,20,Control,80,FALSE,NA,6.85,0,63.74,0,0,0.63,NA,NA,NA,NA,NA,NA,49.5,4.088,0.135,0,0.062,4.026,,,3.02,61.01010101,61.01,0,47.292,0.092,0,6.472,0.003,0,15.26,0.023,0,0.004,0.005,0.027,23,,25.03990741,0.610555556,0.911,1.139444444,0.411111111,444.3478836,2,0.221666667,0.3,137.6365079,11.30138889,757,9.779126984,-820.3095238,1152.719577,8.502645503,2.683069746,1.504037908,1.192663741,0
2,27/06/2019,control,outside cosm,65,FALSE,NA,5.65,0,58.98,0.68,0,0.71,NA,NA,NA,NA,NA,NA,49.5,3.302,0.155,0,0.022,3.28,,,5.53,111.7171717,111.717,0,45.94,0.313,0,6.254,0.005,0,14.928,0,0,0.005,0,0.052,0,,23.98222222,0.911111111,0.911527778,1.167777778,0.447222222,449.6944444,2,0.23,0.3,117.8222222,9.863425926,757,9.501111111,-823.212963,799.6203704,5.768518519,2.147932142,1.654375327,1.489804979,0
7,03/07/2019,1,Dredged,65,FALSE,12.7,1.24,12.19,12.45,0.83,0,0.76,0.67,7.58,7.08,0,0.75,0.62,60,2.142,0.291,0.004,0.012,2.13,,,4.68,78,78.004,0,41.94173,0.053846,0.000363,7.785847,0.00642,0.033464,14.59001,0.009,0,0.003,0,0.016,9,1.223521,23.56486842,0.660526316,0.908947368,1.140526316,0.4,418.1315789,2,0.21,0.3,161.5960526,13.63447368,757,9.5475,-896.3157895,464.1710526,3.328947368,2.090899003,1.688044185,1.530442166,0
7,03/07/2019,2,Control,60,FALSE,13.5,0.71,12.15,11.88,0,0.71,0.65,0,6.93,7.26,0,0.73,0.6,60,1.52,0.177,0.001,0,1.52,,,4.915,81.91666667,81.918,0,41.88944,0.035718,0.000697,7.776906,0.004063,0.030219,14.69304,0.019,0.0001,0.004,0.008,0.014,19,0,23.47861111,0.625,0.909,1.136944444,0.4,419.4444444,2,0.21,0.3,155.6361111,13.15361111,757,9.438611111,-891.7222222,447.1944444,3.083333333,2.139628495,2.569145772,1.495586738,0
7,03/07/2019,3,Oxygenated,65,FALSE,11.8,1.29,11.39,14.88,0,0.71,0.64,0,5.22,8.05,0,0.78,0.6,60,0.367,0.289,0.026,0,0.367,,,1.915,31.91666667,31.943,0,42.22756,0.026289,0,7.740076,0.002711,0.028274,14.55996,0,0.0004,0.003,0.001,0.014,0,1.160794,23.43075,0.719,0.908,1.145,0.4,420.1,2,0.21,0.3,137.8475,11.6655,757,9.502,-893.5,896.2,6.5,1.543522145,4.066565725,2.073180492,0
7,03/07/2019,4,Oxygenated,60,FALSE,14.3,2.29,13.86,16.6,0,0.73,0.61,0,6.17,6.06,0,0.75,0.63,60,0.689,0.27,0.011,0,0.689,,,4.66,77.66666667,77.678,0,41.7701,0.025204,0.000506,7.702455,0.003612,0.035929,14.61815,0.003,0,0,0,0.011,3,1.105999,23.48284314,0.76,0.908,1.148823529,0.4,419.2352941,2,0.21,0.3,140.1960784,11.84156863,757,9.652941176,-895.5490196,682.9607843,5.166666667,2.237016554,2.806240777,1.430476674,0
7,03/07/2019,5,Ijzerkalkslib,70,FALSE,14.7,1.19,12.84,12.71,0,0.69,0.66,0,7.16,6.31,0,0.75,0.62,60,1.694,0.212,0.003,0,1.694,,,1.75,29.16666667,29.17,0,40.84193,0.03802,0.000426,7.674646,0.004293,0.029899,14.85709,0,0,0.002,0,0.016,0,2.061311,23.5895098,0.737647059,0.908,1.145294118,0.4,422.8137255,2,0.21,0.3,165.6411765,13.96901961,757,9.37127451,-883.7352941,607.1666667,4.333333333,2.137148212,1.757730102,1.497322451,0
7,03/07/2019,6,Phoslock,65,FALSE,10.6,0.52,11.77,10.05,0,0.7,0.65,0,5.6,6.2,0,0.72,0.64,60,2.57,0.214,0,0.042,2.528,,,6.13,102.1666667,102.167,0,41.13643,0.032174,0.001139,7.710937,0.004099,0.02575,14.62689,0.005,0,0.005,0.003,0.015,5,1.714515,23.58607843,0.705882353,0.908,1.142647059,0.4,419.0196078,2,0.21,0.3,162.8627451,13.73666667,757,9.516666667,-891.2254902,1391.784314,9.058823529,1.833867479,1.511330939,1.744946152,0
7,03/07/2019,7,Dredged,65,FALSE,12.3,1.14,16.76,10.88,0,0.71,0.65,0,4.95,2.4,0,0.75,0.61,60,1.77,0.262,0.006,0.005,1.765,,,3.48,58,58.006,0,40.46348,0.036449,0.0004,7.679392,0.012208,0.032139,14.47022,0,0,0.002,0.011,0.026,0,1.974072,23.38027778,0.792777778,0.907,1.151944444,0.4,413.6666667,2,0.21,0.3,150.0277778,12.70166667,757,9.195277778,-894.7222222,717.4444444,5.194444444,2.420311728,0.711524378,1.32214374,0
7,03/07/2019,8,Ijzerkalkslib,65,FALSE,12.4,1.38,13.48,10.51,0,0.73,0.63,0.87,5.61,7.37,0,0.77,0.64,60,1.296,0.234,0,0,1.296,,,5.88,98,98,0,40.09191,0.035827,0.000473,7.642632,0.006118,0.027593,14.82246,0.001,0,0,0.001,0.023,1,1.896926,23.41072917,0.59875,0.907,1.136875,0.4,413.65625,2,0.21,0.3,151.4822917,12.81854167,757,9.264166667,-895.3541667,625,4.604166667,2.353691163,2.719052353,1.359566646,0
7,03/07/2019,9,Phoslock,70,FALSE,12.7,1.85,13.75,8.31,0,0.69,0.63,0.77,6.87,6.6,0,0.74,0.62,60,2.78,0.37,0.002,0.049,2.731,,,5.285,88.08333333,88.085,0,40.98735,0.023378,0.00164,7.686526,0.005697,0.025997,14.56688,0,0,0.005,0.01,0.024,0,1.85655,23.33735294,0.68,0.907,1.143529412,0.4,415.3235294,2,0.21,0.3,142.1470588,12.04647059,757,9.255294118,-896,308.0588235,2.058823529,2.077922008,2.504324016,1.540000052,0
7,03/07/2019,10,Ijzerkalkslib,60,FALSE,15.1,0.71,10.78,10.14,0,0.7,0.64,0.48,5.22,6.48,0,0.76,0.62,60,1.856,0.216,0.004,0.022,1.834,,,5.3,88.33333333,88.337,0,40.83312,0.029901,0.001239,7.657613,0.005128,0.028771,14.5505,0,0,0.002,0,0.021,0,1.948116,23.27857143,0.677142857,0.907,1.141785714,0.4,414.3928571,2,0.21,0.3,146.4928571,12.43,757,9.343928571,-895.0714286,186.4642857,1.357142857,2.595720935,2.293213514,1.232798163,0
7,03/07/2019,11,Dredged,70,FALSE,12.1,1.67,12.87,13.63,0,,0.78,0.51,5.82,6.19,0,0.73,0.64,60,0.558,0.217,0.003,0,0.558,,,6.055,100.9166667,100.92,0,41.48484,0.029931,0.00045,7.675855,0.006368,0.027297,14.69589,0,0,0.002,0.007,0.05,0,1.701537,23.496875,0.735,0.909,1.1471875,0.4,418.375,2,0.21,0.3,149.3875,12.619375,757,9.4115625,-895.53125,908.15625,5.78125,1.876830547,2.461061822,1.705002087,0
7,03/07/2019,12,Oxygenated,60,FALSE,14.5,1.29,11.65,12.37,0,0.71,0.64,1.51,5.1,8.55,0,0.8,0.6,60,0.019,0.147,2.616,0,0.019,,,10.36,172.6666667,175.283,0,42.89052,0.025988,0.000689,7.770452,0.005492,0.028229,15.02613,0,0.0014,0.003,0.001,0.003,0,1.183145,23.371,0.722666667,0.909,1.144666667,0.4,421.1333333,2,0.21,0.3,134.36,11.37666667,757,9.612333333,-896.7666667,307.8333333,1.966666667,2.295458476,1.878716484,1.394057019,0
7,03/07/2019,13,Phoslock,60,FALSE,12.6,0,11.5,7.43,0,0.65,0.66,0.84,7.1,8.22,0,0.74,0.63,60,1.497,0.204,0,0,1.497,,,8.28,138,138,0,42.24494,0.015635,0,7.794766,0.003307,0.024701,14.69108,0,0.0001,0,0,0.017,0,1.445586,23.50358333,0.7585,0.908,1.147333333,0.4,419.7416667,2,0.21,0.3,165.7991667,14.002,757,9.45025,-890.9,1013.316667,7.666666667,1.872379788,3.666468725,1.70905498,0
7,03/07/2019,14,Control,60,FALSE,13.2,1.1,12.45,9.34,0,0.69,0.61,1.45,6.18,8.49,0,0.78,0.64,60,3.428,0.266,0.003,0.08,3.348,,,7.325,122.0833333,122.086,0,41.03422,0.022877,0,7.647801,0.004214,0.031649,14.69509,0.017,0.0005,0,0.001,0.016,17,2.02382,23.48796296,0.757037037,0.908,1.147777778,0.4,417.1111111,2,0.21,0.3,157.0376543,13.26666667,757,9.450246914,-894.6666667,1226.469136,9.185185185,2.071790279,2.427266903,1.54455788,0
7,03/07/2019,15,Ijzerkalkslib,70,FALSE,12.6,0.76,11.46,7.4,0,0.68,0.65,0.84,5.46,7.6,0,0.75,0.65,60,1.134,0.217,0.001,0.011,1.123,,,5.78,96.33333333,96.334,0,40.60817,0.027372,0.000766,7.765443,0.003463,0.025717,14.61892,0.002,0,0.003,0.003,0.011,2,0.345354,23.63603175,0.704285714,0.908,1.143333333,0.4,418.1666667,2,0.21,0.3,179.2365079,15.10126984,757,9.502063492,-884.0634921,404.952381,2.888888889,2.289886941,3.18754346,1.397448906,0
7,03/07/2019,16,Control,60,FALSE,12,0,13.83,2.63,0,0.68,0.65,0.68,8.21,5.04,0,0.74,0.64,60,0.524,0.229,0.013,0,0.524,,,4.295,71.58333333,71.596,0,40.45908,0.056618,0.001415,7.740545,0.035147,0.042014,14.29363,0.005,0,0.002,0,0.031,5,2.594844,23.36492063,0.795238095,0.907,1.153333333,0.422222222,433.3571429,2,0.22,0.307936508,144.8452381,12.26960317,757,9.177936508,-895.6507937,409.5238095,2.952380952,2.176991421,3.090089567,1.469918517,0
7,03/07/2019,17,Dredged,50,FALSE,12.4,0,12.76,4.74,0,0.65,0.68,1.35,10.63,8.32,0,0.75,0.61,60,0.831,0.244,0.002,0,0.831,,,4.835,80.58333333,80.585,0,41.2642,0.03828,0.00043,7.75205,0.00432,0.03018,15.00269,0,0.0005,0.007,0.015,0.028,0,2.07292,23.31876543,0.867777778,0.907,1.158703704,0.4,408.962963,2,0.2,0.3,165.3907407,14.0212963,757,9.252407407,-894.2469136,1074.987654,7.197530864,1.776932832,2.4784354,1.800855914,0
7,03/07/2019,18,Oxygenated,55,FALSE,25.8,1.14,9.98,13.2,0,0.75,0.65,2.7,8.08,14.65,0,0.82,0.61,60,0.458,0.192,0.002,0,0.458,,,6.475,107.9166667,107.919,0,41.55413,0.03243,0.00114,7.78796,0.00414,0.02611,14.77307,0,0,0.001,0.001,0.023,0,1.72558,23.21857143,0.764285714,0.907,1.14952381,0.4,419.1031746,2,0.21,0.3,120.484127,10.23126984,757,9.33531746,-897.2063492,370.3333333,2.785714286,2.483568351,3.883544093,1.288468666,0
7,03/07/2019,19,Phoslock,70,FALSE,20.4,0,6.66,4.8,0,0.7,0.67,0.93,8.41,6.41,0,0.76,0.61,60,0.554,0.205,0.002,0,0.554,,,5.22,87,87.002,0,40.87189,0.03683,0.0004,7.75614,0.01225,0.03244,14.61879,0,0.0002,0.003,0.014,0.032,0,1.99468,23.35513158,0.709473684,0.906,1.144473684,0.4,416.4830827,2,0.21,0.3,150.0665414,12.71161654,757,9.201654135,-892.8721805,193.0150376,1.310150376,2.37614428,2.186992015,1.346719569,0
7,03/07/2019,20,Control,60,FALSE,15.9,0,9.33,7.4,0,0.72,0.67,1.16,7.33,9.77,0,0.79,0.63,60,1.207,0.251,0.01,0,1.207,,,6.17,102.8333333,102.843,0,40.50328,0.03615,0.00048,7.71974,0.00616,0.02785,14.96873,0,0,0.003,0.009,0.025,0,1.91407,23.30141822,0.62,0.905,1.135652174,0.4,421.1583851,2,0.21,0.3,145.2581781,12.31722567,757,9.128178054,-891.3436853,1155.773292,8.138716356,2.81930163,0.928476628,1.135032863,0
7,03/07/2019,control,outside cosm,50,FALSE,NA,0.81,9.67,10.83,0.89,0,0.75,2,10.4,13.74,0,0.78,0.61,60,1.665,0.238,0.006,0.022,1.643,,,4.68,78,78.006,0,40.50011,0.02886,0,8.31858,0.00563,0.05068,17.68153,0,0,0.001,0.001,0.024,0,0,23.265,0.63875,0.9061875,1.139375,0.4,418.59375,2,0.21,0.3,150.1625,12.74125,757,9.186875,-890.75,474.375,3.1875,2.173389769,3.424598988,1.472354405,0
16,12/07/2019,1,Dredged,120,FALSE,2.77,1.67,12.15,10.83,0,0.76,0.62,1.81,8.02,8.29,0.96,0,0,60,1.953,0.501,0.123,0.048,1.905,,,2.56,42.66666667,42.79,0,40.9464,0.089649,0.000581,7.739355,0.025827,0.044582,14.81502,0,0.0001,0.003,0.002,0.02,0,1.294899,22.0318254,0.781904762,0.90647619,1.137619048,0.4,428.4285714,2,0.212857143,0.3,113.665873,9.872222222,757,9.080396825,-854.5,661.1587302,4.714285714,1.930860982,0.635388866,1.657291763,0
16,12/07/2019,2,Control,110,TRUE,5.12,3,1.71,12.26,0.15,0.91,0.51,1.33,9.52,12.08,0,0.81,0.65,60,0.798,0.325,0.012,0,0.798,,,4.05,67.5,67.512,0,40.89944,0.0776,0,7.75244,0.030167,0.043842,14.92431,0,0,0.001,0,0.017,0,1.818338,22.109375,0.720625,0.906375,1.13125,0.4,429.71875,2,0.2125,0.3,113.04375,9.805,757,9.124375,-854.34375,573.0625,4.3125,2.451891525,3.609022071,1.305114834,0
16,12/07/2019,3,Oxygenated,65,FALSE,7.77,1.52,12.99,16.99,0,0.7,0.65,0.67,3.43,4.98,0,0.78,0,60,0.41,0.278,0.008,0,0.41,,,3.37,56.16666667,56.175,0.003841,40.59334,0.114331,7.97E-05,7.790549,0.017369,0.046083,14.76372,0,0.0007,0,0.002,0.009,0,2.11106,22.28785714,0.637857143,0.907,1.126428571,0.4,423.7857143,2,0.21,0.3,113.2428571,9.791428571,757,9.213571429,-853.2857143,480.2857143,3.428571429,2.326724319,2.701473041,1.375324087,0
16,12/07/2019,4,Oxygenated,80,FALSE,5.39,2.62,14.59,17.88,0,0.77,0.61,0.53,8.41,6.53,0,0.75,0.69,60,0.867,0.387,0.013,0,0.867,,,3.94,65.66666667,65.68,0,40.65243,0.067357,0.00014,7.781129,0.014846,0.057692,14.90302,0.005,0.0001,0.003,0,0.016,5,1.010828,22.28489583,0.60125,0.908,1.121875,0.4,424.2083333,2,0.21,0.3,114.7947917,9.923333333,757,9.308958333,-853.2708333,394.875,2.75,2.242510579,3.306995156,1.426972087,0
16,12/07/2019,5,Ijzerkalkslib,120,FALSE,3.8,2.05,7.43,10.88,0.52,0.77,0.61,0.78,8.23,6.73,0,0.76,0.66,60,0.97,0.405,0.01,0.016,0.954,,,4.865,81.08333333,81.093,0,41.24263,0.109525,0.002957,7.822179,0.032798,0.041731,14.80467,0,0.0002,0.003,0.014,0.017,0,0.188178,22.26333333,0.558333333,0.908,1.11625,0.4,430.0833333,2,0.215416667,0.3,108.1666667,9.353333333,757,9.086666667,-853.1666667,629.3333333,4.25,1.771931304,7.119020997,1.805939087,0
16,12/07/2019,6,Phoslock,130,FALSE,3.4,2.33,0,8.04,0.09,0,0.37,0.75,3.96,3.93,0,0.72,0,60,0.908,0.418,0.014,0.025,0.883,,,2.81,46.83333333,46.847,0,40.42549,0.090618,0.000338,7.815278,0.040318,0.038094,14.64344,0,0,0.002,0,0.018,0,1.890437,21.93666667,0.688333333,0.907,1.13,0.4,426.5,2,0.210833333,0.3,106.5916667,9.276666667,757,8.966666667,-854.25,1664.583333,11.16666667,2.30686505,3.876882798,1.387163935,0
16,12/07/2019,7,Dredged,160,TRUE,2.12,2.13,3.17,7.37,0.42,0.79,0.57,1.62,1.08,5.81,0.22,0,0.43,60,1.476,0.677,0.033,0.048,1.428,,,2.845,47.41666667,47.45,0,39.87922,0.115368,0.000763,7.784294,0.033392,0.055869,14.38444,0,0,0.002,0.001,0.02,0,1.859434,21.75571429,0.909285714,0.907,1.149285714,0.4,426.7142857,2,0.212142857,0.3,104.5464286,9.130357143,757,8.930714286,-854.4285714,778.2142857,5.714285714,1.97450092,2.338815506,1.620662704,0
16,12/07/2019,8,Ijzerkalkslib,130,FALSE,3.66,0.84,0,2.7,0.24,0,0.11,0,0.85,0.85,0,0.8,0.46,60,0.897,0.531,0.016,0.043,0.854,,,5.7,95,95.016,0.01875,40.98759,0.284081,0.001368,7.856176,0.073523,0.137047,14.70752,0.009,0,0.001,0.004,0.008,9,2.647477,21.77638889,0.686111111,0.907,1.13,0.4,426.8888889,2,0.21,0.3,100.5805556,8.781944444,757,8.959444444,-854.8055556,329.6111111,2.333333333,2.171329235,3.976910836,1.47375163,0
16,12/07/2019,9,Phoslock,140,TRUE,0.78,0.62,0.5,2.78,0,0.92,0.31,0.12,1.71,1.04,0,0.74,0.6,60,0.797,0.631,0.02,0.028,0.769,,,2.045,34.08333333,34.103,0,41.03144,0.103848,0.005716,7.720204,0.035074,0.037734,14.82707,0,0.0001,0.001,0.008,0.02,0,0.491715,21.76882353,0.72,0.906,1.132352941,0.4,431.1176471,2,0.22,0.3,94.71176471,8.27,757,8.907647059,-854.7352941,815.2647059,5.470588235,1.751538849,5.128617074,1.826964901,0
16,12/07/2019,10,Ijzerkalkslib,55,FALSE,4.62,3.95,12.6,18.93,0.95,0,0.48,2.14,16.88,15.52,0,0.79,0.67,60,0.789,0.339,0.013,0.123,0.666,,,4.38,73,73.013,0,40.2273,0.129826,0.000297,7.746195,0.029746,0.042801,14.78445,0,0,0.002,0.001,0.019,0,2.266794,21.63666667,0.576666667,0.906,1.12,0.4,423.3666667,2,0.211,0.3,119.02,10.415,757,9.156,-851,1497.666667,10.86666667,2.089906883,1.81566031,1.531168697,0
16,12/07/2019,11,Dredged,80,FALSE,5.79,5.75,15.19,19.26,0.93,0,0.46,2.49,19.73,12.91,0,0.77,0.65,60,1.02,0.267,0.007,0.052,0.968,,,6.105,101.75,101.757,0,39.92295,0.068756,0,7.727919,0.011356,0.035497,14.82361,0,0.0003,0,0.009,0.017,0,2.899102,22.02111111,0.878888889,0.906111111,1.145555556,0.4,422.287037,2,0.211666667,0.3,131.2185185,11.39898148,757,9.324259259,-852.0555556,657.9351852,4.814814815,2.084522441,1.68731596,1.535123795,0
16,12/07/2019,12,Oxygenated,70,FALSE,5.58,2.6,8.16,12.22,0.89,0,0.7,0.35,8.49,7.7,0,0.76,0.68,60,0.851,0.381,0.039,0.033,0.818,,,3.92,65.33333333,65.372,0,41.21208,0.071821,0,7.788233,0.013912,0.055778,15.04197,0,0,0.001,0,0.018,0,0.800299,22.120625,0.705,0.907,1.131875,0.4,426.1979167,2,0.21,0.3,113.225,9.817708333,757,9.237916667,-853.7083333,1088.9375,8.083333333,2.170755853,1.364897644,1.474140906,0
16,12/07/2019,13,Phoslock,70,FALSE,3.88,7.58,9.35,21.82,0.9,0,0.43,4.15,14.95,17.37,0.95,0,0.67,60,0.837,0.292,0.007,0.01,0.827,,,4.895,81.58333333,81.59,0,40.29079,0.074673,0.000563,7.719873,0.020033,0.044564,14.79896,0.006,0,0.002,0.004,0.016,6,2.0094,22.09857143,0.703571429,0.907,1.13,0.4,423,2,0.212142857,0.3,126.7321429,10.995,757,9.384285714,-851.2857143,790.1071429,5.821428571,2.086979517,1.511633668,1.533316438,0
16,12/07/2019,14,Control,80,FALSE,3.02,4.95,5.38,12.78,0.63,0.65,0.63,2.15,10.78,8.4,0.33,0.78,0.62,60,0.926,0.418,0.011,0.047,0.879,,,5.8,96.66666667,96.678,0,40.41093,0.077971,0,7.742813,0.027587,0.045842,14.69964,0.008,0,0,0.004,0.014,8,1.815454,22.22454545,0.708181818,0.907272727,1.131818182,0.4,425.0909091,2,0.21,0.3,121.7181818,10.53272727,757,9.198636364,-851.1363636,539.3181818,4.045454545,2.262716462,3.691095497,1.414229336,0
16,12/07/2019,15,Ijzerkalkslib,130,TRUE,1.96,1.24,1.12,6.32,0.34,0.91,0.6,0.67,1.85,3.67,0,0.84,0.63,60,2.041,0.631,0.007,0.129,1.912,,,3.3,55,55.007,0,41.03502,0.154254,9.17E-05,7.821465,0.045611,0.042666,14.97927,0.001,0,0.003,0.006,0.041,1,0,22.10779412,0.745294118,0.908,1.136470588,0.411764706,437.3970588,2,0.218676471,0.305882353,112.1906863,9.733186275,757,9.138823529,-854.6176471,335.8137255,2.274509804,2.285016984,2.415508689,1.400427228,0
16,12/07/2019,16,Control,140,TRUE,1.88,0.55,0.59,2.51,0.29,0.86,0.25,NA,NA,NA,NA,NA,NA,60,1.44,1.004,0.021,0.064,1.376,,,3.785,63.08333333,63.104,0,41.58343,0.163177,0.001944,7.800659,0.075051,0.071858,14.49039,0,0.0005,0.004,0.005,0.025,0,1.408094,21.92077778,0.623333333,0.908,1.126,0.4,431.6333333,2,0.22,0.3,93.10222222,8.103555556,757,8.896444444,-857.0666667,1511.444444,11.37777778,2.048370189,2.446675555,1.562217619,0
16,12/07/2019,17,Dredged,175,TRUE,1.65,0,1.08,1.76,,0.79,0.53,0,0,0.25,0,0,0.61,60,0.934,0.696,0.036,0.02,0.914,,,1.885,31.41666667,31.453,0,40.13419,0.114963,7.70E-05,7.717633,0.04168,0.066496,14.45093,0,0,0,0,0.032,0,0.519834,21.32583333,1.016666667,0.907,1.16,0.4,432.0833333,2,0.215,0.3,45.35,3.991666667,757,8.67875,-868.2916667,956.9583333,7.333333333,1.483576,1.571277,2.156951,0
16,12/07/2019,18,Oxygenated,50,FALSE,13.1,1.54,5.89,6.72,0.94,0,0.6,1.16,7.82,5.28,0.97,0,0.62,60,1.327,0.609,0.029,0.037,1.29,,,5.04,84,84.029,0,40.87742,0.074953,0.001056,7.652346,0.017347,0.047843,15.17647,0.006,0,0.004,0.01,0.02,6,1.088695,21.87047619,0.548571429,0.906642857,1.116428571,0.4,426.5357143,2,0.21,0.3,105.2238095,9.168809524,757,9.128571429,-852.9047619,360.5238095,2.476190476,2.481803906,1.317583297,1.289384706,1
16,12/07/2019,19,Phoslock,140,TRUE,1.11,0.18,0,1.58,0.18,0,0.49,0,0,0,0,0,0,60,1.854,0.894,0.033,0.043,1.811,,,7.04,117.3333333,117.366,0.053293,43.28856,0.271438,0.021559,7.838392,0.080071,0.365307,15.01727,0,0,0,0,0.033,0,1.546524,21.85011905,0.662857143,0.906,1.1275,0.4,429.702381,2,0.217142857,0.3,97.56666667,8.506428571,757,8.92202381,-855.1428571,477.8214286,3.535714286,2.178130746,3.615224913,1.469149639,0
16,12/07/2019,20,Control,60,FALSE,4.29,3.72,27.51,23.71,0.86,0,0.81,3.08,49.16,28.1,0,0.76,0.66,60,0.724,0.262,0.01,0,0.724,,,6.615,110.25,110.26,0,39.87549,0.068435,0,7.67164,0.028019,0.041643,14.86821,0.01,0,0.005,0,0.024,10,1.063461,21.77905303,0.581363636,0.905045455,1.121818182,0.4,422.0227273,2,0.21,0.3,126.0113636,11.00102273,757,9.115454545,-848.4507576,542.6477273,3.965909091,2.38227312,2.726689816,1.343254883,0
16,12/07/2019,control,outside cosm,60,FALSE,12.5,5.39,42.7,34.26, ,0.78,0.64,6.41,33.98,25.27,0,0.83,0.81,60,1.699,0.317,0.005,0.039,1.66,,,6.175,102.9166667,102.922,0,40.43207,0.079015,0.000708,7.748442,0.022966,0.043941,15.12529,0.006,0,0.001,0.005,0.019,6,2.015889,21.82441176,0.639411765,0.905,1.124705882,0.402941176,422.4117647,2,0.210588235,0.3,142.8862745,12.46313725,757,9.152941176,-844.4901961,408.4117647,2.725490196,2.229347632,3.522250327,1.435397492,0
30,24/07/2019,1,Dredged,145,FALSE,3.48,1.58,8.16,3.94,0.53,0.74,0.41,0,2.37,1.38,0,0,0.81,60,1.715,0.768,0.183,0.229,1.486,,,3.755,62.58333333,62.766,0,38.51248,0.053057,0,7.593165,0.013993,0.067977,15.49693,0,0.0003,0.002,0,0.024,0,0.389335,25.71863636,0.560909091,0.913,1.120909091,0.4,427,2,0.210909091,0.3,116.05,9.408636364,757,9.168181818,-831.0909091,1497.818182,10.90909091,2.006458303,2.523719807,1.594849988,0
30,24/07/2019,2,Control,125,FALSE,2.52,1.29,5.33,3.61,0.64,0.77,0.54,0,0,0,0,0,0,60,2.086,1.047,0.256,0.404,1.682,,,6.895,114.9166667,115.173,0,39.47996,0.077693,0,7.681998,0.052632,0.098402,15.18082,0.008,0,0.002,0.001,0.018,8,1.006503,25.52583333,0.560833333,0.913,1.119583333,0.4,432.25,2,0.21875,0.3,110.0291667,8.9525,757,9.075833333,-827.2916667,1528.916667,11.125,1.878871512,5.111556133,1.703149991,0
30,24/07/2019,3,Oxygenated,105,FALSE,4.71,2.03,6.69,6.47,0.58,0.73,0.62,0,4.11,0,0,0,0,60,2.421,1.156,0.146,0.381,2.04,,,3.93,65.5,65.646,0,40.85309,0.05862,0.00064,7.771954,0.026645,0.07333,15.20371,0.02,0.0002,0,0.01,0.016,20,2.423249,25.15323529,0.568235294,0.913,1.119411765,0.4,439.5588235,2,0.22,0.3,115.6176471,9.471176471,757,9.166764706,-823.4411765,1415.5,10.44117647,2.340083842,4.364596237,1.367472371,0
30,24/07/2019,4,Oxygenated,100,FALSE,6.78,1.29,4.8,3.71,0.55,0.7,0.56,0,0,0.71,0,0,0.67,60,1.845,0.937,0.078,0.325,1.52,,,1.61,26.83333333,26.911,0,39.88065,0.132683,0.000808,7.769057,0.04163,0.052666,15.07797,0,0,0.002,0.009,0.021,0,1.433329,25.04107143,0.679285714,0.913,1.13,0.4,434.1071429,2,0.22,0.3,113.6107143,9.326071429,757,9.348571429,-829.6428571,1167.357143,8.321428571,1.762597747,2.879771668,1.815502151,0
30,24/07/2019,5,Ijzerkalkslib,145,TRUE,1.88,0,0.73,1.29,0,0.85,0.49,0,0,0,0,0,0,60,1.876,1.039,0.056,0.437,1.439,,,2.025,33.75,33.806,0,39.71841,0.157455,0.001008,7.816558,0.048567,0.055062,15.28015,0,0,0.001,0,0.02,0,2.114665,25.14964286,0.719285714,0.913,1.132857143,0.4,436.4642857,2,0.22,0.3,97.32142857,7.968571429,757,8.934642857,-831.8214286,1217.392857,9.071428571,1.781957645,8.88830925,1.795777811,0
30,24/07/2019,6,Phoslock,155,TRUE,6.89,0.67,1.46,2.42,0.68,0.82,0.37,0,0,0,0,0,0,60,2.063,1.666,0.255,0.436,1.627,,,2.15,35.83333333,36.088,0,39.32397,0.087146,0.00055,7.766812,0.039595,0.074767,15.18861,0.013,0,0.004,0.004,0.033,13,1.367719,25.09785714,0.618571429,0.913,1.124642857,0.4,434.2142857,2,0.22,0.3,98.84285714,8.105,757,8.966785714,-829.5,1089.357143,7.642857143,1.894277791,5.308716455,1.689298167,0
30,24/07/2019,7,Dredged,170,TRUE,4.21,0.43,0,1.01,0,0,0.42,0,0,0,0,0,0,60,0.711,0.562,0.034,0.1,0.611,,,1.485,24.75,24.784,0,31.07525,0.067361,0.00056,7.723348,0.010785,0.037571,14.97294,0,0,0,0.001,0.011,0,0.861583,24.86230159,0.89,0.913484127,1.148571429,0.4,400.9285714,2.444444444,0.19952381,0.271428571,149.1222222,12.28190476,757,9.460674603,-805.9166667,733.6230159,5.53968254,2.009710398,1.447412475,1.592269216,0
30,24/07/2019,8,Ijzerkalkslib,120,FALSE,5.17,0.6,0,1.98,0,0,0.2,0,0,0,0,0,0,60,1.784,1.444,0.119,0.36,1.424,,,3.63,60.5,60.619,0,39.24859,0.127319,0,7.935509,0.050249,0.066325,14.75517,0.021,0.0005,0.001,0.005,0.023,21,1.304993,24.87833333,0.620833333,0.91325,1.125,0.4,432.8333333,2,0.22,0.3,98.28888889,8.091111111,757,8.905277778,-833.5,998.5555556,7.333333333,2.426362074,2.759987934,1.318846859,0
30,24/07/2019,9,Phoslock,140,TRUE,10.4,0.12,1.22,1.01,0,0.77,0.48,0,8.61,0,0,0.68,0,60,2.077,1.196,0.105,0.345,1.732,,,3.94,65.66666667,65.772,0,39.24104,0.07678,0.002453,7.919987,0.023786,0.051474,14.83643,0,0,0,0.004,0.027,0,0.952428,24.92535714,0.640714286,0.913,1.125357143,0.4,426.5,2,0.211428571,0.3,116.0678571,9.546071429,757,9.080357143,-828.5714286,1108.392857,8.392857143,2.166090169,2.516834197,1.477316155,0
30,24/07/2019,10,Ijzerkalkslib,90,FALSE,9.4,5.97,10.14,5.14,0,0,0.76,2.21,17.54,0,0,0.63,0,60,2.743,0.994,0.013,0.61,2.133,,,1.78,29.66666667,29.68,0,38.98998,0.080742,0.000308,7.945224,0.016709,0.04376,15.0817,0,0,0.002,0.013,0.034,0,3.52348,24.82176471,0.680588235,0.912,1.129117647,0.4,435.9705882,2,0.22,0.3,114.5764706,9.441764706,757,9.183823529,-820.8529412,943.5294118,7.441176471,2.238465201,1.881888011,1.429550926,0
30,24/07/2019,11,Dredged,145,FALSE,17.6,1.91,1.34,4.48,0.4,0.88,0.37,0,0,0,0,0,0,60,0.881,0.66,0.044,0.046,0.835,,,4.835,80.58333333,80.627,0,38.87184,0.053526,0,7.892751,0.018856,0.066437,14.99512,0,0.0004,0,0,0.02,0,0.940892,25.13821429,0.753571429,0.913,1.135357143,0.4,433.9642857,2,0.22,0.3,104.8607143,8.590714286,757,9.050357143,-836.1428571,1220.785714,8.857142857,1.835266885,2.060077272,1.743615616,0
30,24/07/2019,12,Oxygenated,90,FALSE,9.9,2.55,6.99,5.51,0.92,0,0.64,0,0,3,0,0,0,60,1.132,0.606,0.029,0.155,0.977,,,3.05,50.83333333,50.862,0,39.56634,0.064592,0,7.815041,0.017073,0.067864,15.55386,0,0,0.007,0.006,0.016,0,0.860862,25.504,0.585,0.913,1.121,0.4,435.6,2,0.22,0.3,114.33,9.307,757,9.365,-831.6,1403.1,8.45,1.809083914,6.712867804,1.768851061,0
30,24/07/2019,13,Phoslock,140,FALSE,3.61,2.22,2.37,4.36,0.7,0,0.73,0,0,3.05,0,0,0,60,1.91,1.133,0.075,0.193,1.717,,,2.85,47.5,47.575,0,38.58578,0.060287,0.001641,7.770192,0.028695,0.048838,14.90888,0,0,0.002,0,0.025,0,1.562386,25.45,0.608,0.913,1.124666667,0.4,434.1333333,2,0.22,0.3,106.3866667,8.666,757,8.987333333,-828.0666667,1227.2,7.8,2.446628489,4.365040363,1.307922316,0
30,24/07/2019,14,Control,145,TRUE,11.3,0.72,4.68,1.1,0.78,0,0.85,0,0,0,0,0,0,60,2.161,1.201,0.06,0.487,1.674,,,3.135,52.25,52.31,0,39.00069,0.077579,0.000391,7.820329,0.041803,0.080052,15.01619,0,0.0004,0.006,0.011,0.02,0,1.067787,24.58545455,0.89,0.913,1.147727273,0.4,440,2,0.22,0.3,67.16363636,5.559090909,757,8.760454545,-841.4545455,915.7727273,6.454545455,1.880511397,1.907934111,1.701664773,0
30,24/07/2019,15,Ijzerkalkslib,145,TRUE,2.52,0.12,1.67,1.17,0.9,0,0.75,0,0,0,0,0,0,60,1.702,1.111,0.12,0.305,1.397,,,3.735,62.25,62.37,0,38.08484,0.112986,0,7.83333,0.026027,0.062246,15.09069,0,0,0,0.002,0.019,0,1.437655,25.01952381,0.797142857,0.913,1.140119048,0.4,432.7380952,2,0.219285714,0.3,101.7857143,8.355238095,757,8.945952381,-830.4047619,880.0357143,6.595238095,2.036794387,4.910388723,1.571096239,0
30,24/07/2019,16,Control,140,TRUE,4.55,0,0,0.72,0,0,0.24,0,0,0,0,0,0,60,1.344,0.773,0.024,0.489,0.855,,,1.575,26.25,26.274,0,36.11245,0.127721,0.000294,7.885528,0.021929,0.042083,14.90223,0,0,0.002,0.002,0.017,0,1.475867,25.2075,0.605,0.913178571,1.123214286,0.4,417.8571429,2,0.21,0.3,120.5928571,9.868214286,757,9.226428571,-821,1405.678571,9.785714286,1.671817052,5.385814643,1.914085035,0
30,24/07/2019,17,Dredged,190,TRUE,4.1,0,1.11,0,0,0.72,0,0,0,0,0,0,0,60,0.931,0.603,0.034,0.245,0.686,,,2.88,48,48.034,0,39.50362,0.044492,0.000197,7.792275,0.00622,0.034674,14.98949,0.017,0,0,0.007,0.008,17,1.504707,24.6693254,0.843333333,0.913206349,1.144761905,0.4,403.8650794,2.595238095,0.202380952,0.3,145.1496032,11.99142857,757,9.513690476,-820.6150794,947.3888889,6.436507937,1.755861461,1.39734362,1.822467246,0
30,24/07/2019,18,Oxygenated,90,FALSE,8.9,0.81,3.39,2.43,0.83,0,0.72,0,0,0,0,0,0,60,0.543,0.516,0.037,0.113,0.43,,,2.325,38.75,38.787,0,38.87276,0.043128,0.001133,7.871107,0.012185,0.041184,15.04563,0.016,0,0.005,0.003,0.015,16,1.898368,24.76706349,0.834444444,0.913388889,1.143809524,0.4,435.5,2,0.22,0.3,106.9087302,8.81984127,757,9.225079365,-831.5595238,656.6626984,3.964285714,2.585367014,1.5881273,1.237735293,0
30,24/07/2019,19,Phoslock,155,TRUE,7.07,1.51,3.05,2.78,0.86,0,0.7,0,0,0,0,0,0,60,1.017,0.724,0.028,0.135,0.882,,,6.355,105.9166667,105.945,0,36.58314,0.069937,0.002117,7.748236,0.014751,0.044129,14.9562,0.003,0,0.003,0.002,0.017,3,1.642416,24.71676471,0.790588235,0.913,1.139411765,0.4,437.7058824,2,0.22,0.3,86.71470588,7.155882353,757,8.854705882,-835.3529412,779.2352941,4.882352941,2.917577844,0.77247945,1.096800213,0
30,24/07/2019,20,Control,55,FALSE,19.8,16.81,41.16,24.56,0.55,0.76,0.6,10.65,47.22,14.32,0,0,0.85,60,1.382,0.518,0.015,0.079,1.303,,,6.355,105.9166667,105.932,0,38.98921,0.092002,0,7.786951,0.024704,0.067385,15.29967,0.002,0,0.005,0,0.015,2,0.588328,24.76230769,0.737692308,0.913,1.136153846,0.4,435.2692308,2,0.22,0.3,149.1807692,12.30461538,757,9.26,-811.0769231,756.7692308,5.769230769,2.867806224,0.652114155,1.115835503,0
30,24/07/2019,control,outside cosm,60,FALSE,19.3,15.01,51.33,24.94,0.52,0.75,0.54,16.94,41.88,29.72,0.52,0.74,0.5,60,1.555,0.372,0.016,0.039,1.516,,,8.78,146.3333333,146.349,0,31.57219,0.073339,0.00026,7.573557,0.011574,0.033694,14.91903,0.002,0,0,0,0.013,2,1.362672,24.73321429,0.621428571,0.912142857,1.125,0.4,438.2142857,2,0.22,0.3,151.1107143,12.47392857,757,9.417857143,-800.7857143,1207.285714,9.428571429,1.981761474,2.966226809,1.614725103,0
45,07/08/2019,1,Dredged,100,FALSE,9.06,5.38,2.06,12.57,0.49,0.86,0.6,7.95,0,17.6,0,0,0.59,60,4.73,0.776,0.039,0.183,4.547,,,5.875,97.91666667,97.956,0,40.45535,0.042195,0.000828,7.96837,0.018191,0.043859,15.77709,0,0.0001,0.001,0,0.013,0,2.071405,23.535,0.730833333,0.91,1.13,0.5,467.9583333,2,0.235833333,0.3,140.4,11.85,757,9.360833333,-739,107.2916667,0.833333333,2.752852216,0.212121733,1.162430726,0
45,07/08/2019,2,Control,70,FALSE,7.84,4.86,10.17,14,0.67,0.7,0.68,8.62,0,19.6,0.43,0.86,0.5,60,1.925,0.459,0.037,0.064,1.861,,,3.75,62.5,62.537,0,40.705,0.051267,0.000174,7.953483,0.026099,0.046436,15.89101,0,0,0.001,0.005,0.015,0,0.997851,23.74722222,0.553333333,0.910777778,1.115555556,0.5,468.2222222,2,0.238888889,0.3,129.0388889,10.84611111,757,9.436666667,-740.2222222,380.4444444,2.777777778,2.29341002,2.668832311,1.39530218,0
45,07/08/2019,3,Oxygenated,70,FALSE,6.84,9.28,19.19,34.31,0.94,0,0.62,12.33,9.41,28.59,0.68,0.44,0.69,60,1.917,0.354,0.08,0.079,1.838,,,2.095,34.91666667,34.997,0,40.61841,0.032823,0.000589,7.966843,0.0101,0.066526,15.72065,0,0,0.003,0,0.014,0,1.043994,23.61020833,0.68875,0.911,1.1275,0.5,468.71875,2,0.24,0.3,134.8197917,11.361875,757,9.4334375,-726.5729167,570.90625,4.3125,3.281366724,1.910685727,0.975203404,0
45,07/08/2019,4,Oxygenated,105,FALSE,4.93,5.79,20.57,25.77,0.95,0,0.71,9.9,10.66,25.19,0.69,0.63,0.68,60,2.921,0.583,0.055,0.245,2.676,,,6.6,110,110.055,0,39.88675,0.044613,4.93E-05,7.925817,0.02428,0.047508,15.69483,0,0,0,0,0.014,0,1.498939,23.58212121,0.556363636,0.911,1.117272727,0.5,466.1212121,2,0.233636364,0.3,129.6424242,10.93454545,757,9.436363636,-741.0454545,1192.257576,9.272727273,1.635035442,5.491739601,1.95714412,0
45,07/08/2019,5,Ijzerkalkslib,120,FALSE,2.83,1.36,0,1.61,0.07,0,0.06,2.27,1.49,7.62,0.46,0.89,0.43,60,2.084,1.059,0.098,0.152,1.932,,,4.48,74.66666667,74.765,0,39.96488,0.063786,0.000962,8.007108,0.057366,0.055614,15.70456,0,0.0001,0.004,0.003,0.018,0,1.792382,23.1535,0.546,0.908,1.114,0.5,470.05,2,0.24,0.3,99.405,8.451833333,757,8.839,-753.1,1453,10.46666667,2.883798319,2.455168827,1.10964764,0
45,07/08/2019,6,Phoslock,105,FALSE,10.7,0,7.88,2.33,0,0.46,0.82,6.93,4.27,12.66,0.62,0.8,0.57,60,2.867,0.983,0.075,0.157,2.71,,,2.26,37.66666667,37.742,0,40.10703,0.070927,0.001762,7.968198,0.045013,0.054838,15.81454,0.019,0,0,0,0.015,19,0.985594,23.185,0.63,0.908,1.121,0.5,468.8,2,0.24,0.3,110.05,9.352,757,8.927,-756.6,546.5,4.2,1.878807015,2.657349357,1.703208458,0
45,07/08/2019,7,Dredged,172,TRUE,2.47,1.79,1.23,2.76,0.44,0.81,0.55,0,2.32,3.39,0,0.75,0.4,60,1.646,0.711,0.092,0.185,1.461,,,4.245,70.75,70.842,0,36.58277,0.05169,0.001325,7.882077,0.037998,0.078123,15.03536,0,0,0,0,0.016,0,1.206938,22.63806723,0.977058824,0.908,1.150882353,0.429411765,450.8067227,2,0.23,0.3,120.1672269,10.31915966,757,9.168235294,-749.2731092,791.5420168,4.5,2.404145573,3.460963327,1.331034209,0
45,07/08/2019,8,Ijzerkalkslib,90,FALSE,9.43,2.41,0,2.66,0,0,0.16,1.04,5.72,6.91,0,0.82,0,60,2.544,1.023,0.103,0.144,2.4,,,4.24,70.66666667,70.77,0,38.55098,0.08488,0.000945,7.995923,0.03518,0.055088,15.50124,0,0,0.004,0.012,0.022,0,1.424677,23.02,0.77,0.908,1.133333333,0.5,460.4444444,2,0.23,0.3,98.57777778,8.402222222,757,8.774444444,-756,366.1111111,2.666666667,3.041032509,1.010597426,1.052274183,0
45,07/08/2019,9,Phoslock,145,TRUE,6.89,1.26,0,1.47,0,0,0.18,0.79,0,4.02,0.15,0,0.04,60,1.634,0.842,0.037,0.126,1.508,,,5.805,96.75,96.787,0,38.91729,0.078708,0.002136,8.039548,0.029442,0.048028,15.33484,0,0.0001,0,0.003,0.02,0,1.482356,22.9146,0.824,0.909,1.14,0.5,460.79,2,0.23,0.3,101.01,8.6264,757,8.8245,-762.98,647.7,4.5,2.027934081,1.215649439,1.577960561,0
45,07/08/2019,10,Ijzerkalkslib,70,FALSE,10.7,21.88,10.09,55.37,0.85,0,0.64,22.38,9.18,54.35,0.77,0,0.64,60,1.935,0.275,0.017,0.067,1.868,,,1.65,27.5,27.517,0,40.47147,0.054113,0,8.122817,0.012947,0.040445,15.46452,0,0.0002,0.002,0.008,0.02,0,0.634472,22.99833333,0.754444444,0.909,1.1325,0.5,466.1944444,2,0.231944444,0.3,118.7472222,10.125,757,9.097777778,-748.7222222,290.4722222,2,2.270038505,3.766697178,1.409667718,0
45,07/08/2019,11,Dredged,95,TRUE,5.63,10.98,3.02,19.59,0.6,0,0.69,10.33,10.78,25.36,0.62,0.76,0.63,60,3.078,0.628,0.031,0.126,2.952,,,4.005,66.75,66.781,0,40.74689,0.058674,0.00031,8.091293,0.027035,0.038106,15.58593,0,0,0.003,0,0.017,0,0.912053,23.64833333,0.703333333,0.91,1.128,0.5,471.3666667,2,0.24,0.3,127.1033333,10.70633333,757,9.180333333,-742.0333333,354.7666667,2.533333333,2.171660248,1.088411383,1.473526995,0
45,07/08/2019,12,Oxygenated,70,TRUE,6.75,11.26,6.73,32.5,0.65,0,0.72,8.41,10.61,25.95,0.72,0,0.73,60,2.076,0.445,0.038,0.104,1.972,,,3.54,59,59.038,0,41.23984,0.04666,0,8.153673,0.011666,0.047762,15.38583,0.003,0,0.002,0,0.015,3,1.731098,23.37895833,0.618674242,0.91,1.121136364,0.5,467.3708965,2,0.237878788,0.3,123.8389205,10.47835227,757,9.314024621,-743.2515783,827.2212753,6.301136364,2.433196554,3.089225672,1.42502901,0
45,07/08/2019,13,Phoslock,90,TRUE,5.35,4.25,0,4.38,0.21,0,0.54,1.98,0,7.01,0.57,0,0.53,60,2.273,0.847,0.056,0.095,2.178,,,4.01,66.83333333,66.889,0,40.69805,0.056074,0.001907,8.074364,0.053948,0.057503,15.64038,0,0.0001,0,0.005,0.02,0,0.496041,23.57294872,0.587692308,0.911,1.119230769,0.5,472.6410256,2,0.24,0.3,103.8230769,8.757692308,757,9.162307692,-751.1538462,1569.410256,11.97435897,2.079592872,2.171611172,1.538762727,0
45,07/08/2019,14,Control,65,FALSE,7.7,7.48,0,7.14,0.24,0,0.28,11.1,6.64,24.03,0.78,0,0.63,60,2.14,0.687,0.077,0.078,2.062,,,3.51,58.5,58.577,0,40.24109,0.062598,0.000472,8.068177,0.029096,0.045064,15.62373,0,0,0.004,0,0.016,0,0.623657,23.51863636,0.617272727,0.91,1.12,0.5,467.7272727,2,0.239090909,0.3,121.3318182,10.24318182,757,9.428181818,-746.6363636,1406.454545,10.95454545,2.387109513,1.049953856,1.340533387,0
45,07/08/2019,15,Ijzerkalkslib,120,FALSE,2.07,3.21,0,3.82,0.4,0,0.48,0.76,3.8,5.63,0.65,0.69,0.48,60,2.118,0.993,0.064,0.195,1.923,,,3.97,66.16666667,66.231,0,39.83532,0.075142,0.000838,8.079863,0.057891,0.059925,15.42725,0,0,0,0.003,0.017,0,2.339614,23.09666667,0.655,0.908,1.124166667,0.5,466.3333333,2,0.2325,0.3,111.525,9.490833333,757,9.1875,-753.5,408.75,2.416666667,2.302821078,3.234890954,1.389599926,0
45,07/08/2019,16,Control,140,TRUE,2.85,1.2,2.27,6.82,0.54,0.78,0.42,1.23,2.91,6.47,0,0.65,0.64,60,1.206,0.744,0.059,0.221,0.985,,,8.55,142.5,142.559,0,38.16818,0.080997,0,8.029667,0.064043,0.075462,14.80938,0,0,0.002,0.004,0.018,0,0.737573,23.06904762,0.712857143,0.908,1.128571429,0.5,452.4761905,2,0.23,0.3,105.0738095,8.947380952,757,8.914404762,-746.9761905,1379.285714,10.05952381,2.063189544,2.556631964,1.550996615,0
45,07/08/2019,17,Dredged,180,TRUE,2.76,0,1.55,4.6,0.8,0.17,,0,2.43,3.66,0,0.44,0.2,60,0.523,0.416,0.074,0.039,0.484,,,1.61,26.83333333,26.907,0,31.34476,0.074975,0.000389,7.871664,0.025646,0.073291,14.27359,0.005,0,0.002,0.009,0.015,5,2.068521,23.05571429,0.762142857,0.908,1.131071429,0.4,414.6428571,2,0.21,0.3,131.4357143,11.19714286,757,9.22,-728,384.3571429,2.607142857,2.445032641,0.678224923,1.308775984,0
45,07/08/2019,18,Oxygenated,85,FALSE,10.4,6.18,8.75,20.85,0,0,0.68,7.53,7.95,23.02,0,0.89,0,60,1.856,0.622,0.03,0.203,1.653,,,5.265,87.75,87.78,0,40.24501,0.056322,9.81E-05,8.085294,0.021128,0.041963,15.48729,0.006,0.0001,0.002,0.006,0.02,6,1.486682,22.94454545,0.610909091,0.908,1.118636364,0.5,467.2727273,2,0.24,0.3,107.0545455,9.138636364,757,9.072272727,-762.1363636,718.5,5.318181818,2.383187496,1.865251689,1.342739506,0
45,07/08/2019,19,Phoslock,85,FALSE,6.71,1.18,0,6.38,0.84,0,0.27,0.2,0,4.77,0.42,0,0.25,60,3.363,1.444,0.031,0.234,3.129,,,10.48,174.6666667,174.698,0,39.9313,0.072762,0.001785,8.078349,0.026574,0.048044,15.54473,0.011,0.0004,0,0,0.024,11,1.921439,22.99482456,0.738947368,0.909,1.131315789,0.5,466.1052632,2,0.231578947,0.3,103.8517544,8.855614035,757,8.859473684,-760.3508772,344.6315789,2.447368421,2.450152579,1.779846474,1.306041113,0
45,07/08/2019,20,Control,65,FALSE,13.6,18.88,14.19,47.93,0.79,0,0.67,22.31,15.68,51.48,0.83,0,0.64,60,1.591,0.262,0.01,0.03,1.561,,,7.04,117.3333333,117.343,0,40.27454,0.050225,0.000975,7.966738,0.010812,0.034899,15.54221,0,0.0001,0.002,0,0.022,0,1.932254,23.04458333,0.455833333,0.909,1.10625,0.5,468.375,2,0.24,0.3,118.9416667,10.13291667,757,9.074583333,-750.6666667,486.25,3.791666667,2.133261559,0.611198624,1.500050468,0
45,07/08/2019,control,outside cosm,55,FALSE,12.1,21.59,20.7,49.64,0.84,0,0.66,20.81,19.27,43.74,0,0,0.72,60,2.744,0.295,0.022,0.088,2.656,,,9.025,150.4166667,150.439,0,41.10073,0.048873,0.000153,8.104483,0.018203,0.035874,15.71085,0,0,0.003,0,0.036,0,1.545803,23.09363158,0.858421053,0.908523684,1.141578947,0.5,470.0789474,2,0.24,0.3,116.4036842,9.906394737,757,9.055921053,-711.1105263,299.4842105,2.336842105,2.387772224,1.365698403,1.34016133,0
45,07/08/2019,control 2,outside cosm,55,FALSE,15,23.09,16.48,53.49,0.86,0,0.62,19.39,17.05,42.76,0,0,0.71,60,0.989,0.245,0.002,0.009,0.98,,,6.9,115,115.002,0,40.76392,0.037701,0.000568,8.059161,0.00747,0.034957,15.55889,0.006,0,0.003,0.009,0.041,6,0.791647,23.03395833,0.5525,0.908,1.11375,0.5,469.6041667,2,0.237083333,0.3,121.1708333,10.32041667,757,9.279583333,-753.625,1349.416667,10.04166667,2.111157344,4.539532723,1.515756279,0
45,07/08/2019,control 3,outside cosm,55,FALSE,8.44,21.81,14.94,54.43,0.81,0,0.64,20.67,19.67,46.53,0.82,0,0.66,60,0.882,0.226,0.019,0.001,0.881,,,1.515,25.25,25.269,0,40.6075,0.042096,0,8.051418,0.005182,0.043859,15.54474,0,0.0002,0.001,0.002,0.007,0,0.268929,23.88633333,0.447,0.911,1.1045,0.5,467,2,0.233,0.3,147.3533333,12.349,757,9.634666667,-732.3666667,703.5166667,4.533333333,1.951435849,2.436091602,1.639818189,0
45,07/08/2019,control 4,outside cosm,55,FALSE,10.7,25.28,0,75.68,0,0,0.38,28.62,18.68,77.37,0.78,0,0.68,60,2.145,0.273,0.016,0.074,2.071,,,4.015,66.91666667,66.933,0,41.3608,0.061106,0.000362,8.082823,0.011994,0.051706,15.74403,0.011,0.0004,0.001,0,0.008,11,0.709454,23.84576923,0.556923077,0.91,1.115384615,0.5,468.4615385,2,0.236153846,0.3,145.9538462,12.24884615,757,9.594615385,-729.9230769,189.9230769,1.384615385,2.779692514,2.056658512,1.151206468,0
60,29/08/2019,1,Dredged,100,FALSE,4.51,8.05,0,22.59,0.5,0,0.64,7.41,2.34,27.15,0.59,0.86,0.68,60,0.541,0.353,0.083,0,0.54,,,6.235,103.9166667,104,0,40.30282,0.049064,0,8.363419,0.036376,0.101604,16.94496,0.006,0,0.002,0.005,0.015,6,0,23.74666667,0.606666667,0.909,1.13,0.5,486.3333333,2,0.25,0.3,68.26666667,5.735,757,9.253333333,-585.8333333,1150.333333,5,2.682126518,1.948871223,1.193083167,0
60,29/08/2019,2,Control,70,FALSE,3.38,14.14,0,42.36,0.88,0,0.59,14.26,0,48.86,0.52,0,0.64,60,0.941,0.305,0.062,0,0.94,,,4.13,68.83333333,68.895,0,40.14762,0.050836,0,8.343711,0.052394,0.076205,16.61324,0.013,0,0,0.009,0.022,13,1.387906,23.49555556,0.806666667,0.909,1.146111111,0.5,488.5925926,2,0.250740741,0.3,72.57407407,6.132592593,757,9.19537037,-597.3148148,464.6481481,2.814814815,2.220858208,1.472769356,1.440884424,0
60,29/08/2019,3,Oxygenated,70,FALSE,3.93,12.33,0,38.82,0.88,0,0.61,13.04,0,45.11,0.61,0,0.68,60,0.629,0.072,0.029,0,0.628,,,7.04,117.3333333,117.362,0,39.49416,0.044817,0,8.321509,0.016261,0.051503,17.00073,0.003,0.0001,0.001,0.005,0.012,3,1.627996,23.75,0.631,0.91,1.133,0.5,483.1,2,0.241,0.3,61.3,5.15,757,9.38,-561.4,331.8,1.75,2.71338355,1.418243401,1.179339353,0
60,29/08/2019,4,Oxygenated,105,FALSE,4.2,7.43,8.11,23.56,0.71,0,0.74,6.7,2.17,24.67,0.65,0,0.7,60,0.464,0.013,0.026,0,0.463,,,5.865,97.75,97.776,0,39.71163,0.029729,0.000253,8.355943,0.005876,0.053294,16.91776,0,0,0,0,0.012,0,2.03103,23.71,0.773,0.91,1.145,0.5,480.5,2,0.24,0.3,63.58,5.35,757,9.425,-577.3,301.2,2.1,2.41552703,2.212443799,1.324762654,0
60,29/08/2019,5,Ijzerkalkslib,120,FALSE,1.8,4.54,0,10.38,0,0,0.39,1.75,0,3.47,0.36,0,0.48,60,0.41,0.282,0.036,0,0.41,,,4.555,75.91666667,75.953,0,38.84161,0.259688,0.000888,8.193416,0.062727,0.066394,16.61725,0,0,0.005,0.009,0.021,0,1.493892,23.84285714,0.647142857,0.911,1.135,0.5,479.5714286,2,0.24,0.3,73.68571429,6.182857143,757,9.337142857,-621.5714286,201.7857143,1.142857143,2.711434984,2.120337867,1.180186882,0
60,29/08/2019,6,Phoslock,105,FALSE,1.47,6.02,3.47,18.41,0.83,0,0.7,7.09,0,17.75,0.68,0,0.62,60,0.328,0.275,0.094,0,0.328,,,0.515,8.583333333,8.677,0,39.71841,0.115091,0,8.285899,0.081496,0.129311,16.69093,0,0,0.006,0.005,0.019,0,2.580424,23.66155556,0.446666667,0.909,1.116666667,0.5,484.9555556,2,0.242666667,0.3,64.74888889,5.452666667,757,9.065111111,-600.2,883.8444444,5.155555556,2.526945018,3.457166787,1.266351257,0
60,29/08/2019,7,Dredged,172,TRUE,2.15,2.15,2.68,4.85,0,0.92,0.5,1.57,0,1.59,0.18,0,0.53,60,0.495,0.228,0.092,0,0.494,,,1.735,28.91666667,29.009,0,37.36132,0.057324,0,8.242995,0.043275,0.110081,16.91047,0.013,0.0001,0.004,0.005,0.016,13,1.20117,23.65785714,0.735,0.909,1.142142857,0.5,469.2857143,2,0.24,0.3,68.51785714,5.77,757,9.101428571,-611.1071429,720.9285714,5,2.187119755,1.926468357,1.46311147,0
60,29/08/2019,8,Ijzerkalkslib,90,FALSE,2.97,7.93,0,19.9,0.87,0,0.53,7.17,0,20.01,0.82,0,0.56,60,0.281,0.11,0.016,0,0.281,,,5.815,96.91666667,96.933,0,38.31737,0.071545,0.000942,8.341405,0.074774,0.043136,16.88949,0,0.0001,0.003,0,0.02,0,0.025956,23.64666667,0.457777778,0.909,1.118888889,0.5,476,2,0.24,0.3,65.54444444,5.520555556,757,9.025555556,-596,997.9444444,7.166666667,2.858681992,1.827674543,1.119396984,0
60,29/08/2019,9,Phoslock,145,TRUE,1.3,1.53,0,0.59,0.57,0,0.96,1.32,0,0.49,0.09,0,0.49,60,0.223,0.186,0.032,0,0.223,,,11.32,188.6666667,188.699,0,36.05018,0.048733,0.001975,8.287715,0.022348,0.05931,16.56251,0,0,0.002,0.006,0.02,0,1.458563,23.508,0.553,0.909,1.125,0.5,465.5,2,0.23,0.3,56.35,4.761,757,8.825,-589.9,398.5,2.7,2.43629343,0.359937171,1.313470685,0
60,29/08/2019,10,Ijzerkalkslib,70,FALSE,5.77,11.97,4.9,41.18,0.69,0,0.72,11.62,5.87,37.23,0.6,0.86,0.66,60,0.346,0.117,0.008,0,0.346,,,4.5,75,75.008,0,39.89817,0.137847,0.000447,8.370313,0.058405,0.034768,16.67628,0,0,0.007,0.002,0.017,0,1.341042,23.51409091,0.671818182,0.91,1.138181818,0.5,482.2727273,2,0.24,0.3,57.82727273,4.882727273,757,8.972727273,-589.7272727,650.3636364,4.909090909,3.203108306,1.060979391,0.999029597,0
60,29/08/2019,11,Dredged,95,TRUE,7.52,7.05,2.22,22.28,0.65,0,0.73,4.85,2.57,19.97,0.67,0,0.71,60,0.409,0.099,0.036,0,0.409,,,5.945,99.08333333,99.119,0,39.91494,0.041998,0.000625,8.343011,0.022735,0.062223,17.07763,0,0,0.002,0.007,0.012,0,2.211998,23.52681818,0.732727273,0.909,1.140454545,0.5,486.1363636,2,0.242727273,0.3,74.73636364,6.305454545,757,9.309090909,-604.5454545,598.1363636,4.136363636,2.552696923,1.223092998,1.253576157,0
60,29/08/2019,12,Oxygenated,70,TRUE,3.68,13.11,3.82,40.57,0.66,0,0.72,11.19,6.33,36.05,0.66,0,0.72,60,0.396,0,0.021,0,0.396,,,5.985,99.75,99.771,0,39.81854,0.030065,0,8.360391,0.004374,0.053258,17.55456,0,0.0006,0.003,0.003,0.009,0,1.180261,23.77222222,0.866666667,0.909,1.152222222,0.5,480.5,2,0.24,0.3,70.04444444,5.885555556,757,9.488888889,-587.2222222,329.6666667,2.222222222,3.360823521,1.608234373,0.952147585,0
60,29/08/2019,13,Phoslock,90,TRUE,3.29,6.56,0,21.81,0.46,0,0.64,3.42,2.85,13.6,0.65,0,0.68,60,0.325,0.008,0.028,0,0.325,,,11.575,192.9166667,192.945,0,37.57718,0.061141,0.000462,8.340352,0.016659,0.058919,16.77876,0,0,0.003,0.011,0.007,0,1.913508,23.93991667,0.529166667,0.91,1.124166667,0.5,471.175,2,0.237083333,0.3,76.68333333,6.423416667,757,9.489666667,-563.425,504.3166667,3.5,2.079701656,2.7581583,1.538682238,0
60,29/08/2019,14,Control,65,FALSE,3.2,12.76,0,39.94,0.5,0,0.64,5.28,0,14.17,0.43,0,0.5,60,0.327,0.013,0.023,0,0.327,,,9.32,155.3333333,155.356,0,39.16727,0.040404,0.000525,8.37216,0.017455,0.059706,16.94678,0,0,0.003,0.002,0.009,0,0.367705,23.91833333,0.500833333,0.911,1.12125,0.5,476.8333333,2,0.24,0.3,78.3875,6.567916667,757,9.608333333,-581,336.875,2.375,2.171925899,0.908716066,1.473346766,0
60,29/08/2019,15,Ijzerkalkslib,120,FALSE,1.37,2.64,0,5.32,0.14,0,0.53,1.54,0,1.67,0.08,0,0.39,60,0.286,0.048,0.028,0,0.286,,,5.58,93,93.028,0,31.9267,0.150457,1.65E-05,8.270449,0.021475,0.054742,16.00818,0,0,0.004,0.011,0.025,0,1.41963,23.865,0.66,0.911,1.136666667,0.4,443.5,2,0.221666667,0.3,78.8,6.61,757,9.765,-603.1666667,227.8333333,1.333333333,3.541063628,3.236905665,0.903683282,0
60,29/08/2019,16,Control,140,TRUE,1.91,2.62,1.08,4.04,0,0,0.67,0,0,0,0,0,0,60,0.233,0.182,0.044,0,0.233,,,2.465,41.08333333,41.127,0,30.42859,0.494538,0.00048,8.248667,0.076282,0.141522,15.67109,0,0.0006,0.002,0.005,0.006,0,2.287702,23.394,0.713,0.909,1.14,0.4,431.9,2,0.216,0.3,70.625,5.977,757,9.186,-609.2,616.7,4.4,2.208116044,2.642120533,1.449199198,0
60,29/08/2019,17,Dredged,180,TRUE,0.99,1.76,0.32,1.85,0,0,0.88,1.85,0,1.61,0.24,0,0.6,60,0,0,0.012,0,0,,,1.75,29.16666667,29.179,0,23.59045,0.029461,0.001616,8.037397,0.007335,0.038159,15.49613,0,0.0003,0,0.004,0.006,0,1.391511,23.64,0.695882353,0.909,1.137647059,0.4,401.2666667,2.735294118,0.202352941,0.3,77.44901961,6.526666667,757,9.882,-558.854902,589.054902,4.294117647,2.176398179,1.19608265,1.470319186,0
60,29/08/2019,18,Oxygenated,85,FALSE,4.36,10.83,5.25,32.63,0.63,0,0.73,9.34,8.21,30.96,0.53,0.81,0.66,60,0.463,0.056,0.004,0,0.462,,,4.775,79.58333333,79.587,0,39.8038,0.037697,0.00042,8.37431,0.007593,0.029148,17.22128,0,0,0.001,0.011,0.019,0,1.374208,23.55807692,0.837692308,0.909,1.15,0.5,481.9615385,2,0.24,0.3,63.36923077,5.34525641,757,9.131538462,-609.6410256,377.4615385,2.692307692,3.447543847,0.745397635,0.928197042,0
60,29/08/2019,19,Phoslock,85,FALSE,3,8.05,7.64,30.53,0.7,0,0.76,8.77,2.68,33.91,0.65,0,0.71,60,0.172,0.138,0.012,0,0.172,,,6.95,115.8333333,115.845,0,35.72329,0.041918,0.001164,8.309606,0.069381,0.049293,16.00567,0.003,0,0.006,0,0.017,3,0.74983,23.525,0.633846154,0.909,1.133846154,0.5,463.1923077,2,0.23,0.3,59.92307692,5.057307692,757,8.970769231,-598.9230769,583.6923077,4.307692308,2.417361462,1.945434729,1.323757349,0
60,29/08/2019,20,Control,65,FALSE,4.31,16.25,14.48,54.43,0.91,0,0.63,17.67,9.86,56.88,0.88,0,0.62,60,0.477,0.118,0.007,0,0.476,,,6.675,111.25,111.257,0,40.08624,0.070177,0.000544,8.503532,0.045339,0.045231,17.07096,0,0,0.005,0.009,0.036,0,1.04111,23.60884615,0.639230769,0.91,1.133076923,0.5,482,2,0.24,0.3,58.64102564,4.94025641,757,8.93974359,-559.6923077,539.8461538,3.974358974,2.721979069,1.408976079,1.175615212,0
60,29/08/2019,control,outside cosm,55,FALSE,,20.1,9.47,67.65,0,0.97,0,21.38,10.26,68.58,0.89,0,0.53,60,0.332,0,0.001,0,0.332,,,6.81,113.5,113.501,0,40.2096,0.069151,6.54E-05,8.406932,0.03194,0.031023,17.16368,0,0,0.008,0.003,0.028,0,0.488831,23.659375,0.7475,0.91,1.14375,0.5,484.25,2,0.24,0.3,54.9375,4.62625,757,9.12,-567.75,640.875,4.875,3.385439769,1.824197725,0.945224319,0
60,29/08/2019,control 2,outside cosm,55,FALSE,,22.09,0,70.09,0.88,0,0.53,19.31,12.32,62.86,0.88,0,0.58,60,0.325,0,0.005,0,0.325,,,6.755,112.5833333,112.588,0,40.07428,0.055387,0.000789,8.366087,0.021224,0.039747,17.03288,0,0.0001,0.004,0.008,0.015,0,1.484519,23.748125,0.54,0.909,1.125,0.5,483.5,2,0.24,0.3,67.35625,5.66125,757,9.17,-600.875,619.5,4.25,2.098372253,2.805505038,1.524991572,0
60,29/08/2019,control 3,outside cosm,55,FALSE,,20.95,0,68.11,0.89,0,0.56,23.29,16.44,93.39,0.55,0.84,0.65,60,0.354,0,0.007,0,0.354,,,4.315,71.91666667,71.924,0,40.61569,0.052462,0,8.415079,0.011659,0.039073,17.26459,0.008,0,0.002,0.003,0.022,8,0.826976,23.70666667,0.498333333,0.908833333,1.12,0.5,485.6666667,2,0.246666667,0.3,72.26666667,6.086666667,757,9.284166667,-609,816.5833333,5.583333333,3.950033783,3.015192909,0.810119654,0
60,29/08/2019,control 4,outside cosm,55,FALSE,,20.53,0,69.31,0.91,0,0.55,18.98,16.91,77.97,0.58,0.81,0.66,60,0.345,0,0.017,0,0.345,,,11.47,191.1666667,191.184,0,40.90443,0.029651,0.000142,8.396067,0.005856,0.051124,17.83278,0.025,0,0.002,0.009,0.007,25,2.04545,24.04681818,0.72,0.909,1.14,0.5,485,2,0.245454545,0.3,77.81818182,6.503181818,757,9.532727273,-572.8181818,577.0909091,4.090909091,2.623839347,3.099222173,1.219586864,0
end_harvest,19/09/2019,1,Dredged,,,,,,,,,,,,,,,,,0.01,26.68,0.147,0,0.01,,,,,,0,84.79931,14.39022,0.000504,12.03103,1.898678,1.743865,8.30153,0,0,0.003,0.015,0.181,0,0,,,,,,,,,,,,,,,,,,,,
end_harvest,19/09/2019,2,Control,,,,,,,,,,,,,,,,,0.096,22.28,0.175,0,0.096,,,,,,0,74.43492,15.08252,0.003058,11.05926,2.402936,3.081449,1.600561,0,0,0.002,0.004,0.25,0,0,,,,,,,,,,,,,,,,,,,,
end_harvest,19/09/2019,3,Oxygenated,,,,,,,,,,,,,,,,,0.135,26.08,0.178,0,0.135,,,,,,0,83.50363,18.70389,0.001188,11.64225,3.522313,2.043424,6.79227,0,0,0,0.005,1.207,0,0,,,,,,,,,,,,,,,,,,,,
end_harvest,19/09/2019,4,Oxygenated,,,,,,,,,,,,,,,,,0.057,21.747,0.078,0,0.057,,,,,,0,91.02413,21.43487,0,12.64278,3.331801,2.464284,1.299204,0,0,0.002,0.011,0.288,0,0,,,,,,,,,,,,,,,,,,,,
end_harvest,19/09/2019,5,Ijzerkalkslib,,,,,,,,,,,,,,,,,0.054,17.173,0.005,0,0.054,,,,,,0,113.2073,24.07975,0,15.75339,1.618856,0.67424,1.631229,0,0,0,0.006,0.292,0,0.303537,,,,,,,,,,,,,,,,,,,,
end_harvest,19/09/2019,6,Phoslock,,,,,,,,,,,,,,,,,0.061,25.014,0.244,0,0.061,,,,,,0,79.59702,15.03201,0,10.88842,1.949925,2.842032,5.441812,0,0,0,0.003,0.236,0,0,,,,,,,,,,,,,,,,,,,,
end_harvest,19/09/2019,7,Dredged,,,,,,,,,,,,,,,,,0.071,12.931,0,0,0.071,,,,,,0,156.2791,11.68747,0,15.87618,1.495785,1.179219,136.686,0.002,0,0,0.008,0.11,2,0,,,,,,,,,,,,,,,,,,,,
end_harvest,19/09/2019,8,Ijzerkalkslib,,,,,,,,,,,,,,,,,0.044,12.403,0.003,0,0.044,,,,,,0,99.35747,23.76526,0.001788,13.1571,1.350051,0.95801,1.752865,0,0,0,0.004,0.248,0,0.518392,,,,,,,,,,,,,,,,,,,,
end_harvest,19/09/2019,9,Phoslock,,,,,,,,,,,,,,,,,0.069,19.19,0.027,0,0.069,,,,,,0,82.33016,14.68981,0.00103,11.28953,1.996451,0.650231,2.899705,0,0,0,0.01,0.138,0,0,,,,,,,,,,,,,,,,,,,,
end_harvest,19/09/2019,10,Ijzerkalkslib,,,,,,,,,,,,,,,,,0.053,7.451,0.029,0,0.053,,,,,,0,86.10721,15.94723,0,11.22307,1.166541,0.933723,7.425006,0,0,0,0.019,0.279,0,0,,,,,,,,,,,,,,,,,,,,
end_harvest,19/09/2019,11,Dredged,,,,,,,,,,,,,,,,,0.041,19.447,0.147,0,0.041,,,,,,0,68.62055,13.02718,0.000362,10.14023,1.637141,1.958045,9.468717,0,0.0003,0,0.015,0.026,0,0,,,,,,,,,,,,,,,,,,,,
end_harvest,19/09/2019,12,Oxygenated,,,,,,,,,,,,,,,,,0.046,37.925,0.065,0,0.046,,,,,,0,81.78299,15.13643,0,11.73999,1.70582,1.728726,16.92285,0,0,0,0.007,0.144,0,0,,,,,,,,,,,,,,,,,,,,
end_harvest,19/09/2019,13,Phoslock,,,,,,,,,,,,,,,,,0.046,18.595,0.073,0,0.046,,,,,,0,77.28159,10.15383,0,10.82071,1.563511,1.306143,22.45982,0,0,0,0.009,0.227,0,0,,,,,,,,,,,,,,,,,,,,
end_harvest,19/09/2019,14,Control,,,,,,,,,,,,,,,,,0.077,30.11,0.081,0,0.077,,,,,,0,77.01933,11.22832,0,11.19011,2.105448,1.775396,3.523223,0,0,0,0.01,0.047,0,0,,,,,,,,,,,,,,,,,,,,
end_harvest,19/09/2019,15,Ijzerkalkslib,,,,,,,,,,,,,,,,,0.051,36.33,0.084,0,0.051,,,,,,0,118.9535,32.69634,0,15.42376,1.892729,0.707013,0.907581,0,0,0.002,0,0.209,0,3.421099,,,,,,,,,,,,,,,,,,,,
end_harvest,19/09/2019,16,Control,,,,,,,,,,,,,,,,,0.045,22.208,0.062,0,0.045,,,,,,0,81.39443,18.57324,0.00015,11.88151,2.153028,1.856317,3.763927,0,0.0001,0.002,0.013,0.075,0,0,,,,,,,,,,,,,,,,,,,,
end_harvest,19/09/2019,17,Dredged,,,,,,,,,,,,,,,,,0.045,34.065,0.107,0,0.045,,,,,,0,78.48242,19.93946,0,11.12901,2.136287,2.753084,5.514138,0,0,0,0.006,0.714,0,0,,,,,,,,,,,,,,,,,,,,
end_harvest,19/09/2019,18,Oxygenated,,,,,,,,,,,,,,,,,0.064,13.941,0.014,0,0.064,,,,,,0,85.36616,12.69781,0,11.80865,1.947239,1.703024,9.940753,0,0,0.001,0.015,0.167,0,0,,,,,,,,,,,,,,,,,,,,
end_harvest,19/09/2019,19,Phoslock,,,,,,,,,,,,,,,,,0.057,24.825,0.137,0,0.057,,,,,,0,90.59264,11.69358,0.000504,12.61561,1.858505,1.058388,17.00267,0,0,0.003,0.024,0.15,0,0,,,,,,,,,,,,,,,,,,,,
end_harvest,19/09/2019,20,Control,,,,,,,,,,,,,,,,,0.11,10.284,0.057,0,0.11,,,,,,0,95.96552,1.045292,0.000581,10.25424,0.663092,0.103255,39.11235,0,0,0,0.007,0.552,0,0,,,,,,,,,,,,,,,,,,,,
end_harvest,19/09/2019,control,outside cosm,,,,,,,,,,,,,,,,,0.058,7.847,0.034,0,0.058,,,,,,0,69.3392,16.9426,0.000811,10.21108,1.74031,2.951724,1.202282,0,0,0.001,0.01,0.254,0,0,,,,,,,,,,,,,,,,,,,,
end_harvest,19/09/2019,control 2,outside cosm,,,,,,,,,,,,,,,,,0.206,13.429,0.049,0,0.206,,,,,,0,89.01009,18.56714,0,14.92861,3.935014,2.618523,0.907873,0,0,0.004,0.014,0.122,0,2.524908,,,,,,,,,,,,,,,,,,,,
end_harvest,19/09/2019,control 3,outside cosm,,,,,,,,,,,,,,,,,0.05,14.699,0.119,0,0.05,,,,,,0,84.53159,11.50774,0,13.19073,3.101583,1.33477,1.5541,0,0,0.006,0.01,0.225,0,0.083635,,,,,,,,,,,,,,,,,,,,
end_harvest,19/09/2019,control 4,outside cosm,,,,,,,,,,,,,,,,,0.846,9.912,0.03,0.088,0.758,,,,,,0,68.22991,12.84983,0,10.62816,2.062055,2.06242,4.959401,0.01,0,0.001,0.014,0.583,10,0.793089,,,,,,,,,,,,,,,,,,,,
